Round,Rank,Value,Name,Team,Pos,Inj,Games,m_p,p_g,th_g,r_g,a_g,s_g,b_g,fgp,fga_g,ftp,fta_g,to_g,pV,thV,rV,aV,sV,bV,fgpV,ftpV,toV
1,1,0.846672232094793,Nikola Jokic,DEN,C,,69,33.6676328502416,24.4927536231884,0.826086956521739,11.8405797101449,9.82608695652174,1.26086956521739,0.681159420289855,0.632093933463796,14.8115942028986,0.821686746987952,6.01449275362319,3.57971014492754,1.16349451069958,-0.734343752078414,2.49104805279363,2.63899722134295,0.839474828159188,0.0736918857410234,2.83156893311552,0.351737304162586,-2.03561889508292
1,2,0.830444328145913,Joel Embiid,PHI,PF/C,,66,34.6083333333333,33.0757575757576,1,10.1515151515152,4.15151515151515,1,1.6969696969697,0.548192771084337,20.1212121212121,0.857328145265888,11.6818181818182,3.42424242424242,2.47994576308989,-0.573557430761913,1.78996429330349,0.125548939030925,0.0969321792567669,2.07525289040215,1.50522616602844,1.82169007222699,-1.84700391926352
1,3,0.754201754241847,Shai Gilgeous-Alexander,OKC,PG/SG,,68,35.5299019607843,31.3970588235294,0.852941176470588,4.83823529411765,5.45588235294118,1.64705882352941,0.955882352941177,0.509775524981897,20.3088235294118,0.905277401894452,10.8676470588235,2.82352941176471,2.22246888355341,-0.709516452463366,-0.415430520420733,0.703294646475467,1.93872914173042,0.615008233591221,0.4351907902901,3.11628401879323,-1.11821295337313
1,4,0.708996485245164,Anthony Davis,LAL,PF/C,,56,34.008630952381,25.9107142857143,0.339285714285714,12.5357142857143,2.64285714285714,1.05357142857143,2.03571428571429,0.563409563409563,17.1785714285714,0.783783783783784,7.92857142857143,2.17857142857143,1.38097968259719,-1.18440189254916,2.77957909744897,-0.542683662609992,0.249418616084943,2.74271804106713,1.64649023562129,-0.355388198886156,-0.335743551567746
1,5,0.683828254581149,Kevin Durant,PHO,SF/PF,,47,35.5684397163121,29.063829787234,1.97872340425532,6.65957446808511,5,0.723404255319149,1.42553191489362,0.560324825986079,18.3404255319149,0.919161676646707,7.1063829787234,3.31914893617021,1.86460090354099,0.3312932498384,0.340556756008566,0.501369857026965,-0.690373678976651,1.54040963052596,1.68008725306854,2.30601378068956,-1.71950346049199
1,6,0.599991598916441,Stephen Curry,GSW,PG,,56,34.6639880952381,29.4285714285714,4.875,6.08928571428571,6.28571428571429,0.928571428571429,0.357142857142857,0.493380406001765,20.2321428571429,0.914590747330961,5.01785714285714,3.19642857142857,1.92054455604203,3.00896279107139,0.10384574252725,1.07085359501076,-0.106383069847467,-0.564753040981996,-0.0274462886724361,1.56491800576948,-1.57061790067103
1,7,0.583847908793818,Damian Lillard,POR,PG,,58,36.3204022988506,32.1724137931034,4.20689655172414,4.77586206896552,7.32758620689655,0.862068965517241,0.310344827586207,0.462562396006656,20.7241379310345,0.913978494623656,9.62068965517241,3.29310344827586,2.34139193501458,2.3912868907553,-0.441319912840792,1.53233179648039,-0.295676577634169,-0.656964267040593,-0.915318918241143,2.98680504972183,-1.68790481707104
1,8,0.565008068482237,Tyrese Haliburton,IND,PG/SG,,56,33.6247023809524,20.7142857142857,2.875,3.66071428571429,10.4464285714286,1.625,0.446428571428571,0.489892984542212,15.0178571428571,0.870646766169154,3.58928571428571,2.51785714285714,0.583957458371569,1.15992009593162,-0.904186767914173,2.91376624709721,1.87594060891882,-0.388823728107043,-0.0964147633618432,0.688281800006152,-0.747368334602174
1,9,0.550476355763576,Kyrie Irving,DAL,PG/SG,,60,37.3408333333333,27.05,3.13333333333333,5.06666666666667,5.51666666666667,1.1,0.75,0.493765586034913,20.05,0.904761904761905,4.55,2.13333333333333,1.55572201216968,1.39875477738717,-0.320615005741958,0.730217951735267,0.381573528002695,0.209335935667799,-0.0165813991460829,1.29673964896077,-0.280860247163156
1,10,0.540989228723112,Jimmy Butler,MIA,SF/PF,,64,33.4083333333333,22.90625,0.5625,5.859375,5.3125,1.828125,0.328125,0.539414414414414,13.875,0.85045045045045,8.671875,1.578125,0.920158413779456,-0.978035520323737,0.00841619420421036,0.63978604334247,2.45411834855898,-0.621930067666356,0.864775288943728,1.18889036557739,0.392723992091866
1,11,0.514611423334045,Jayson Tatum,BOS,SF/PF,,74,36.9220720720721,30.0675675675676,3.24324324324324,8.77027027027027,4.62162162162162,1.05405405405405,0.689189189189189,0.466324567030148,21.0675675675676,0.853697749196141,8.40540540540541,2.87837837837838,2.01855304725357,1.50036883540837,1.21664792764293,0.333774042244947,0.250792367768079,0.0895138090610739,-0.82013690236637,1.2267459449455,-1.1847562619517
1,12,0.493345608645846,Jaren Jackson Jr.,MEM,PF/C,,63,28.3724867724868,18.6190476190476,1.58730158730159,6.76190476190476,0.952380952380952,1.03174603174603,3,0.506082725060827,13.047619047619,0.787581699346405,4.85714285714286,1.6984126984127,0.262592254560094,-0.030584575839917,0.38303121723284,-1.2914493181072,0.187294512191982,4.64275462011663,0.2081115120666,-0.168429511520966,0.246789767112555
2,13,0.488234989337715,Kawhi Leonard,LAC,SG/SF,,52,33.6080128205128,23.8269230769231,2,6.5,3.92307692307692,1.38461538461538,0.538461538461538,0.512055109070034,16.75,0.870967741935484,5.36538461538461,1.69230769230769,1.06137018903381,0.350963916807972,0.274321828851902,0.0243663841858374,1.19170659751034,-0.207481205605168,0.409770964923988,1.0348998074524,0.254196420878357
2,14,0.46782654413251,Kristaps Porzingis,WAS,PF/C,,65,32.6084615384615,23.1538461538462,2.10769230769231,8.4,2.67692307692308,0.892307692307692,1.53846153846154,0.49803536345776,15.6615384615385,0.850961538461538,6.4,2.10769230769231,0.95813442644577,0.450527754238575,1.06295902819725,-0.52759477724461,-0.209604657854233,1.76292709859431,0.0772018687451364,0.885640457417182,-0.249752301346789
2,15,0.42915781401721,Donovan Mitchell,CLE,PG/SG,,68,35.7691176470588,28.2647058823529,3.60294117647059,4.25,4.42647058823529,1.45588235294118,0.397058823529412,0.484308131241084,20.6176470588235,0.866847826086957,5.41176470588235,2.64705882352941,1.74203220018151,1.83291725335382,-0.659590644057063,0.247335444494978,1.3945618573632,-0.486102289343782,-0.287653574006978,0.983037169159104,-0.904117090989897
2,16,0.407634216498879,Luka Doncic,DAL,PG/SG,,66,36.2199494949495,32.3939393939394,2.8030303030303,8.62121212121212,8.01515151515152,1.36363636363636,0.5,0.496204278812974,21.9545454545455,0.742074927953891,10.5151515151515,3.57575757575758,2.3753692763124,1.093382574705,1.15477803226776,1.83687633347718,1.13199162924196,-0.283266140382071,0.0574465899729701,-1.66704674801777,-2.03082359908751
2,17,0.400140347698651,James Harden,PHI,PG/SG,,58,36.8103448275862,20.9655172413793,2.77586206896552,6.10344827586207,10.6551724137931,1.22413793103448,0.53448275862069,0.44061757719715,14.5172413793103,0.867036011080332,6.22413793103448,3.36206896551724,0.622491060395986,1.06826496233633,0.109724228262582,3.00622553214343,0.734921409204537,-0.215321026444158,-1.08767237572332,1.13420380355168,-1.7715744644392
2,18,0.352967062750854,Fred VanVleet,TOR,PG,,69,36.7388888888889,19.3478260869565,3,4.05797101449275,7.17391304347826,1.78260869565217,0.550724637681159,0.392985611510791,16.1159420289855,0.897526501766785,4.10144927536232,2.02898550724638,0.374371455885824,1.27548526437786,-0.739296539490518,1.46426506617831,2.32456012596403,-0.183317893067604,-2.27277099910511,1.08767151689927,-0.154264432884375
2,19,0.349381126700923,Lauri Markkanen,UTA,SF/PF,,66,34.4328282828283,25.6212121212121,3.03030303030303,8.63636363636364,1.86363636363636,0.636363636363636,0.575757575757576,0.498689956331878,17.3484848484848,0.87468671679198,6.04545454545455,1.92424242424242,1.33657617432262,1.30350106278906,1.1610670051493,-0.887825321994111,-0.938127270728426,-0.133992784003322,0.102661940131133,1.2277584236481,-0.0271890890060539
2,20,0.301290074570008,Myles Turner,IND,C,,62,29.4381720430108,17.9516129032258,1.5,7.51612903225806,1.43548387096774,0.580645161290323,2.25806451612903,0.548431105047749,11.8225806451613,0.782608695652174,4.45161290322581,1.66129032258065,0.160221887216922,-0.11129675697697,0.696088752101112,-1.07746767462345,-1.09672508967777,3.18083878151701,0.883116524779325,-0.214992753701041,0.29182700049493
2,21,0.285495074580325,Domantas Sabonis,SAC,PF/C,,79,34.6289029535865,19.1139240506329,0.392405063291139,12.3164556962025,7.25316455696202,0.822784810126582,0.493670886075949,0.615138592750533,11.873417721519,0.742009132420091,5.54430379746835,2.91139240506329,0.338495831179547,-1.13529192042463,2.68857095009899,1.499368081398,-0.407495527381587,-0.295737079016245,1.98760517154071,-0.88125063064168,-1.22480920553018
2,22,0.274105458129203,Brook Lopez,MIL,C,,78,30.4166666666667,15.8846153846154,1.74358974358974,6.66666666666667,1.26923076923077,0.474358974358974,2.47435897435897,0.530589543937709,11.525641025641,0.784210526315789,2.43589743589744,1.37179487179487,-0.156811809505058,0.113907161020822,0.343500530548862,-1.15110645960123,-1.39925952568978,3.60702717816562,0.574864345496744,-0.108218040856098,0.643045743582945
2,23,0.270904546529634,LeBron James,LAL,SF/PF,,55,35.5251515151515,28.9090909090909,2.2,8.30909090909091,6.81818181818182,0.909090909090909,0.581818181818182,0.499589827727646,22.1636363636364,0.767584097859327,5.94545454545455,3.23636363636364,1.84086723278298,0.535868186321949,1.025225190908,1.30670039558991,-0.161832683239532,-0.122050915493022,0.162385345332637,-0.529954317154435,-1.61906751628178
2,24,0.270888427590544,Nicolas Claxton,BKN,C,,76,29.8754385964912,12.6447368421053,0,9.23684210526316,1.89473684210526,0.855263157894737,2.48684210526316,0.705281090289608,7.72368421052632,0.540650406504065,3.23684210526316,1.26315789473684,-0.653740645661923,-1.4980787783318,1.41030893040199,-0.874049931202902,-0.315048720243919,3.63162404296163,2.25600947069435,-2.2938737185285,0.774845198225973
3,25,0.257983648365974,Paul George,LAC,SG/SF/PF,,56,34.6241071428571,23.7857142857143,2.82142857142857,6.10714285714286,5.14285714285714,1.48214285714286,0.357142857142857,0.457171314741036,17.9285714285714,0.870748299319728,5.25,3.14285714285714,1.05504963214066,1.11039216659752,0.111257746280495,0.564645827914053,1.46931011071035,-0.564753040981996,-0.927867705982201,1.009442612491,-1.50562451387612
3,26,0.245441540874072,Nikola Vucevic,CHI,C,,82,33.4900406504065,17.6463414634146,1.47560975609756,11.0121951219512,3.23170731707317,0.731707317073171,0.695121951219512,0.520034843205575,14,0.835443037974684,1.92682926829268,1.69512195121951,0.113399705673114,-0.133846058137211,2.14720863089156,-0.281863197246141,-0.666739732012796,0.101203772632462,0.4956588088719,0.183169803051342,0.250782134142414
3,27,0.216143456720791,O.G. Anunoby,TOR,SG/SF,,67,35.6064676616915,16.7761194029851,2.11940298507463,4.95522388059702,1.95522388059702,1.91044776119403,0.746268656716418,0.475706214689266,13.2089552238806,0.838323353293413,2.49253731343284,1.97014925373134,-0.0200739508276805,0.461354525473033,-0.366871809264701,-0.84725829859635,2.68844296634656,0.20198366587601,-0.346729431419557,0.257327151315221,-0.082883708415411
3,28,0.204975716660036,DeMar DeRozan,CHI,SF/PF,,74,36.2378378378378,24.5405405405405,0.621621621621622,4.63513513513514,5.09459459459459,1.12162162162162,0.486486486486487,0.504221028396009,17.6081081081081,0.87189292543021,7.06756756756757,2.06756756756757,1.17082401299781,-0.923376319031599,-0.499731752297871,0.543268810722469,0.44311760340722,-0.30989327962801,0.239724508314043,1.3819204353769,-0.201072569920636
3,29,0.184861941594152,Devin Booker,PHO,SG/SF,,53,34.6308176100629,27.7547169811321,2.09433962264151,4.52830188679245,5.52830188679245,0.962264150943396,0.339622641509434,0.493908153701968,20.1320754716981,0.854748603351955,6.75471698113208,2.73584905660377,1.66381069038989,0.438182911861735,-0.544075264808365,0.735371560684876,-0.0104796504586777,-0.599275019357459,-0.0126090056963151,1.00466953134207,-1.01183827961039
3,30,0.180251331001923,LaMelo Ball,CHA,PG/SG,,36,35.2162037037037,23.2777777777778,4,6.41666666666667,8.44444444444444,1.27777777777778,0.305555555555556,0.410540915395284,20.0277777777778,0.836065573770492,3.38888888888889,3.58333333333333,0.977142916065155,2.20000661194774,0.239732478003422,2.02702382174898,0.8876025924399,-0.666401088420858,-2.33279034128471,0.329959571596385,-2.04001458307871
3,31,0.175038482110091,Chris Paul,PHO,PG,,59,32.0104519774011,13.8813559322034,1.66101694915254,4.25423728813559,8.88135593220339,1.54237288135593,0.372881355932203,0.440119760479042,11.3220338983051,0.83125,2.71186440677966,1.93220338983051,-0.464069435106071,0.0375668498351297,-0.657831863505446,2.22054581180667,1.64074966398045,-0.533741772271835,-0.858897388448328,0.227871883866547,-0.0368474111662972
3,32,0.173399195629386,Mikal Bridges,BKN,SG/SF,,83,35.6991967871486,20.1325301204819,2.03614457831325,4.3855421686747,3.28915662650602,1.09638554216867,0.734939759036145,0.468034727703236,15.2650602409639,0.895184135977337,4.25301204819277,1.53012048192771,0.494728455998941,0.384380351057486,-0.603330856532427,-0.256417071428045,0.371285286481758,0.179661111809373,-0.561462067645668,1.10078400289298,0.450963548030076
3,33,0.156011383425414,Jarrett Allen,CLE,C,,68,32.6477941176471,14.25,0.0147058823529412,9.79411764705882,1.66176470588235,0.794117647058823,1.23529411764706,0.643769968051118,9.20588235294118,0.733031674208145,3.25,1.36764705882353,-0.407527232933155,-1.48448287616165,1.64161852121535,-0.977240697966908,-0.48909412698485,1.16556349505872,1.90448639024407,-0.597298932931386,0.648077911288533
3,34,0.153494450989301,Dejounte Murray,ATL,PG/SG,,74,36.3966216216216,20.472972972973,1.7972972972973,5.25675675675676,6.05405405405405,1.51351351351351,0.256756756756757,0.46398786959818,17.8243243243243,0.831578947368421,2.56756756756757,2.16216216216216,0.546945188276574,0.163560940949212,-0.241713891914613,0.968243912491157,1.55860397011424,-0.762554646808971,-0.753707576077392,0.217907829197768,-0.31583566732426
3,35,0.15255883854962,Bam Adebayo,MIA,C,,75,34.6408888888889,20.3866666666667,0.0133333333333333,9.17333333333333,3.2,1.17333333333333,0.813333333333333,0.540394973070018,14.8533333333333,0.805970149253731,5.36,2.49333333333333,0.533707626502866,-1.48575182703087,1.38394820407115,-0.295907376150348,0.590310517083042,0.334128461600433,0.946882864051293,0.0833268832439596,-0.717615806424948
3,36,0.148952347436592,Desmond Bane,MEM,SG/SF,,58,31.7491379310345,21.5,2.86206896551724,5.01724137931035,4.37931034482759,0.96551724137931,0.379310344827586,0.479233226837061,16.1896551724138,0.882926829268293,3.53448275862069,2.17241379310345,0.704469409800873,1.14796507850615,-0.341130069003815,0.226446673172719,-0.00122000996596686,-0.521074039164766,-0.342766086393345,0.796153217315924,-0.328273047338446
4,37,0.13644240444768,Skylar Mays,POR,SG,,6,31.4611111111111,15.3333333333333,2,3.16666666666667,8.33333333333333,1,0.166666666666667,0.5,11.3333333333333,0.923076923076923,2.16666666666667,1.66666666666667,-0.241366815053357,0.350963916807972,-1.10925220508731,1.97780917772569,0.0969321792567669,-0.940068908448564,0.0833084363402214,0.724351491792971,0.285304366694724
4,38,0.132731558388261,Jrue Holiday,MIL,PG/SG,,67,32.5756218905473,19.2537313432836,2.35820895522388,5.08955223880597,7.38805970149254,1.17910447761194,0.373134328358209,0.478983382209189,15.2686567164179,0.858757062146893,2.64179104477612,2.94029850746269,0.359939312566758,0.682135742803154,-0.311115840732823,1.55911743006486,0.606737579995743,-0.5332433133029,-0.329288118145319,0.420179606995968,-1.25987837475109
4,39,0.127537343559184,Karl-Anthony Towns,MIN,PF/C,,29,33.001724137931,20.7586206896552,2.06896551724138,8.13793103448276,4.82758620689655,0.689655172413793,0.586206896551724,0.495327102803738,14.7586206896552,0.874074074074074,4.6551724137931,2.96551724137931,0.590757505787643,0.414724009743826,0.954181483459961,0.425002305956341,-0.786437523747838,-0.113403355537288,0.0164780301948027,0.937007628247487,-1.29047399207228
4,40,0.118102619675514,Anthony Edwards,MIN,SG/SF,,79,35.9685654008439,24.6329113924051,2.69620253164557,5.79746835443038,4.43037974683544,1.58227848101266,0.734177215189873,0.45879299156392,19.506329113924,0.755924170616114,5.34177215189873,3.27848101265823,1.18499174777848,0.994618019546499,-0.017279533997311,0.24906693513541,1.7543375010685,0.178158589082364,-0.964450561085911,-0.646354386838329,-1.67016473361007
4,41,0.106082502236818,Clint Capela,ATL,C,,65,26.6182051282051,11.9846153846154,0,11.0307692307692,0.892307692307692,0.692307692307692,1.21538461538462,0.652985074626866,8.24615384615385,0.603053435114504,2.01538461538462,0.830769230769231,-0.754989313872328,-1.4980787783318,2.15491822729081,-1.31805767509562,-0.778887355346089,1.12633364646833,1.8102161237436,-1.08613575503383,1.29942340030829
4,42,0.091255019848826,De'Aaron Fox,SAC,PG,,73,33.358904109589,25.013698630137,1.63013698630137,4.19178082191781,6.12328767123288,1.13698630136986,0.315068493150685,0.512396694214876,18.2328767123288,0.779545454545455,6.02739726027397,2.47945205479452,1.24339645535832,0.00901766496705578,-0.683755806978604,0.998909682906262,0.486851835073107,-0.647656717186084,0.455823456766411,-0.340516490207326,-0.700774902059705
4,43,0.078822610082081,Shaq Harrison,LAL,SG/SF,,5,23.9833333333333,8.8,0.6,4.4,6,2.2,0.4,0.416666666666667,7.2,0.733333333333333,3,1.2,-1.2434419505746,-0.943365969789866,-0.597329812529799,0.944301653236583,3.51262836420791,-0.480306970802019,-0.785459626879179,-0.549091176682904,0.851468980552604
4,44,0.0773945203182729,Pascal Siakam,TOR,PF/C,,71,37.3488262910798,24.2253521126761,1.30985915492958,7.83098591549296,5.84507042253521,0.915492957746479,0.507042253521127,0.47981721249048,18.4929577464789,0.774261603375527,6.67605633802817,2.38028169014085,1.12248077525796,-0.287086027289554,0.82677709451636,0.875678417204107,-0.143609805598947,-0.269390025563765,-0.374722866533078,-0.47311644394812,-0.580460435180504
4,45,0.0702948170986348,Trey Murphy,NOR,SF/PF,Injured - torn meniscus (0g) - 12/1/2023,79,30.9867088607595,14.5316455696203,2.55696202531646,3.55696202531646,1.41772151898734,1.12658227848101,0.544303797468354,0.48375,10.126582278481,0.905263157894737,2.40506329113924,0.772151898734177,-0.364328760125067,0.865887198998793,-0.947251447948854,-1.08533518509103,0.457237683998448,-0.195969569942853,-0.155580596423201,0.687455503348183,1.3705385270733
4,46,0.0676883853564515,Jalen Brunson,NYK,PG/SG,,68,34.9821078431373,24.0147058823529,1.97058823529412,3.54411764705882,6.19117647058824,0.897058823529412,0.220588235294118,0.491213389121339,17.5735294117647,0.829081632653061,5.76470588235294,2.08823529411765,1.09017209926846,0.323772112467681,-0.95258279242066,1.02897979074725,-0.196080973864041,-0.833821401849572,-0.078422819480233,0.453326313448851,-0.226146860109663
4,47,0.061948077146206,Jaylen Brown,BOS,SG/SF,,67,35.8945273631841,26.6268656716418,2.43283582089552,6.85074626865672,3.46268656716418,1.11940298507463,0.388059701492537,0.490961677512654,20.6417910447761,0.76453488372093,5.13432835820895,2.94029850746269,1.49082215664418,0.751129873218818,0.419906857796251,-0.17955514311618,0.436802446416084,-0.503834234135744,-0.0971246797181517,-0.50073620803832,-1.25987837475109
4,48,0.0592816934412222,Darius Garland,CLE,PG,,69,35.466425120773,21.5942028985507,2.44927536231884,2.68115942028985,7.79710144927536,1.23188405797101,0.130434782608696,0.462356067316209,16.3623188405797,0.862928348909657,4.65217391304348,2.88405797101449,0.71891814179042,0.766328580208935,-1.31077277090019,1.74029502613503,0.756970089392252,-1.01146051367318,-0.730027416059041,0.794930903967828,-1.19164679989105
5,49,0.0576072650462882,Buddy Hield,IND,SG/SF,,80,31.0235416666667,16.8,3.6,5,2.8125,1.15,0.325,0.457610789980732,12.975,0.821705426356589,1.6125,1.7375,-0.0164111723853242,1.83019807291979,-0.348286486420742,-0.467543447181575,0.523894202375659,-0.62808759361698,-0.667076973880904,0.0924101172296626,0.19936866637701
5,50,0.0559359388012352,Zach LaVine,CHI,SG/SF,,77,35.9474025974026,24.8441558441558,2.64935064935065,4.48051948051948,4.24675324675325,0.896103896103896,0.233766233766234,0.484870317002882,18.025974025974,0.848130841121495,5.55844155844156,2.51948051948052,1.21739217828097,0.951302454191014,-0.563908413787891,0.167732919622317,-0.198799092167574,-0.807855364227387,-0.239004275156385,0.725900873627774,-0.749337831171717
5,51,0.0517587683635287,Trae Young,ATL,PG,,73,34.8054794520548,26.2191780821918,2.10958904109589,2.97260273972603,10.1506849315068,1.0958904109589,0.123287671232877,0.429496402877698,19.041095890411,0.885758998435055,8.75342465753425,4.10958904109589,1.42829150412656,0.452281324760836,-1.18980274815911,2.78277198544911,0.369875938328205,-1.02554324127913,-1.71693026287517,2.0433576256618,-2.67847321074134
5,52,0.0403455863509578,Mitchell Robinson,NYK,C,,59,26.9677966101695,7.3728813559322,0,9.40677966101695,0.898305084745763,0.949152542372881,1.84745762711864,0.671428571428571,4.74576271186441,0.483606557377049,2.06779661016949,0.694915254237288,-1.46233176312446,-1.4980787783318,1.4808452872616,-1.31540123929045,-0.0478007099360779,2.37177555764943,1.15805782358159,-1.78819868845435,1.46424278780314
5,53,0.0387892138196963,Evan Mobley,CLE,PF/C,,79,34.3694092827004,16.1645569620253,0.278481012658228,9,2.83544303797468,0.759493670886076,1.50632911392405,0.554382259767687,11.9873417721519,0.674342105263158,3.84810126582278,1.84810126582278,-0.113874693057953,-1.24061713723639,1.31200235430631,-0.457381246160943,-0.587648279752427,1.69961310245158,0.994733107700136,-1.32291040105702,0.0651861171839749
5,54,0.0300883701586103,Cam Johnson,BKN,SF/PF,,42,28.565873015873,15.4761904761905,2.45238095238095,4.40476190476191,1.85714285714286,1.19047619047619,0.333333333333333,0.470464135021097,11.2857142857143,0.841666666666667,2.85714285714286,0.880952380952381,-0.21945555115712,0.769199764518158,-0.5953532781956,-0.890701502488978,0.639106176868058,-0.611667524415317,-0.380298949618111,0.321425489563004,1.2385407063534
5,55,0.0295070199312759,Bradley Beal,WAS,SG,,50,33.4583333333333,23.2,1.6,3.92,5.42,0.9,0.66,0.505694760820046,17.56,0.842105263157895,4.56,2.9,0.965213450166093,-0.0188446222199818,-0.796564473417045,0.687401211435004,-0.187709169489161,0.031999188289846,0.274996373278074,0.520059048411184,-1.21098782707253
5,56,0.0177961570151214,Deandre Ayton,PHO,C,,67,30.3798507462687,17.955223880597,0.104477611940299,9.95522388059701,1.71641791044776,0.552238805970149,0.791044776119403,0.588500563697858,13.2388059701493,0.76,2.98507462686567,1.7910447761194,0.160775734763649,-1.40148699574987,1.70848924164411,-0.95303305590014,-1.17758132259067,0.290210903377479,1.72757178924171,-0.329188496250577,0.134407614600406
5,57,0.0112423509001184,Walker Kessler,UTA,PF/C,,74,23.0175675675676,9.17567567567568,0.0135135135135135,8.37837837837838,0.932432432432432,0.351351351351351,2.33783783783784,0.719806763285024,5.59459459459459,0.515723270440252,2.14864864864865,0.783783783783784,-1.18582124849071,-1.48558524660788,1.05398449392305,-1.30028515187973,-1.74939008287898,3.33802479706562,1.74356121756932,-1.66973422972818,1.35642660912855
5,58,0.00544520374585511,Tobias Harris,PHI,SF/PF,,74,32.9171171171171,14.6621621621622,1.7027027027027,5.72972972972973,2.51351351351351,0.918918918918919,0.540540540540541,0.500591715976331,11.4189189189189,0.875968992248062,1.74324324324324,1.2027027027027,-0.344310275610903,0.0761062188817899,-0.0453959546664826,-0.599974068683437,-0.133858103510202,-0.203384722644254,0.0934224385288858,0.358211266504799,0.8481900349125
5,59,0.0052486595059305,Delon Wright,WAS,PG/SG,,50,24.423,7.38,0.82,3.6,3.88,1.84,0.34,0.474226804123711,5.82,0.866666666666667,1.2,0.88,-1.46123991370319,-0.739971273324492,-0.929387580675209,0.0052862452721923,2.48791950872256,-0.598531469053987,-0.171819699699376,0.215285973674011,1.23969614434086
5,60,0.00483269085742528,Rudy Gobert,MIN,C,,70,30.6921428571429,13.4142857142857,0,11.6285714285714,1.24285714285714,0.8,1.35714285714286,0.659340659340659,7.8,0.644117647058824,4.85714285714286,1.74285714285714,-0.535708126726141,-1.4980787783318,2.40304930678408,-1.16278817730346,-0.472350518235089,1.40565526321748,1.78047835152486,-2.06963243091064,0.192869327697519
6,61,0.00137339979316605,Jamal Murray,DEN,PG/SG,,65,32.8210256410256,19.9692307692308,2.64615384615385,3.95384615384615,6.15384615384615,1.01538461538462,0.246153846153846,0.454370797310279,16.0153846153846,0.833333333333333,3.32307692307692,2.23076923076923,0.469681789743502,0.948346941391589,-0.78251587553397,1.0124450064996,0.140723155986909,-0.783446709909631,-0.892530525191382,0.298727256417225,-0.399070441265351
6,62,-0.00426228428024592,Brandon Ingram,NOR,SG/SF/PF,,45,34.1822222222222,24.7111111111111,1.42222222222222,5.46666666666667,5.82222222222222,0.711111111111111,0.422222222222222,0.483832335329341,18.5555555555556,0.882352941176471,6.04444444444444,3.28888888888889,1.19698593049073,-0.183203972899072,-0.154586121669253,0.865558222799317,-0.725365050453692,-0.436520119597586,-0.272418361846245,1.35398058660768,-1.6827916719541
6,63,-0.00554924411967038,Andrew Wiggins,GSW,SF/PF,,37,32.1693693693694,17.1081081081081,2.40540540540541,5.02702702702703,2.2972972972973,1.21621621621622,0.756756756756757,0.472589792060492,14.2972972972973,0.611111111111111,1.94594594594595,1.2972972972973,0.0308460940719653,0.725769868525492,-0.337068318577991,-0.695743105701733,0.712372933302017,0.222649505290769,-0.436170916699146,-1.00602619479728,0.733426937508876
6,64,-0.0150460742335787,Gary Trent,TOR,PG/SG,,66,32.0896464646465,17.3939393939394,2.51515151515152,2.62121212121212,1.60606060606061,1.57575757575758,0.212121212121212,0.433155080213904,14.1666666666667,0.839024390243902,3.10606060606061,0.833333333333333,0.0746865672075156,0.827232489798518,-1.33565522882281,-1.00191381495719,1.73577630839999,-0.850504894621315,-1.20862011601997,0.32727141518641,1.29631260572665
6,65,-0.0160953633933571,Al Horford,BOS,PF/C,,63,30.5095238095238,9.77777777777778,2.3015873015873,6.19047619047619,3,0.476190476190476,0.968253968253968,0.475991649269311,7.6031746031746,0.714285714285714,0.333333333333333,0.587301587301587,-1.09347152212924,0.629787815281429,0.145847097128976,-0.384493735392272,-1.39404631417429,0.639385367139907,-0.201937532348785,-0.0807301985344023,1.59480075248846
6,66,-0.0177659838512511,Klay Thompson,GSW,SG/SF,,69,33.0270531400966,21.8695652173913,4.36231884057971,4.14492753623188,2.36231884057971,0.710144927536232,0.420289855072464,0.436102236421725,18.1449275362319,0.878787878787879,1.91304347826087,1.78260869565217,0.76115289683679,2.53497811469045,-0.703203303822538,-0.666942996743333,-0.72811520841259,-0.440327671876232,-1.47015665557309,0.408078619409864,0.144642350829412
6,67,-0.0198231945646776,Jakob Poeltl,TOR,C,,72,26.4738425925926,12.4583333333333,0,9.06944444444444,2.73611111111111,0.916666666666667,1.19444444444444,0.629449838187702,8.58333333333333,0.592039800995025,2.79166666666667,1.73611111111111,-0.682331000965127,-1.4980787783318,1.34082681334671,-0.501378514947588,-0.140268944698173,1.08507295975646,1.60403560001858,-1.58734056536989,0.20105368010873
6,68,-0.0214301070405817,Zion Williamson,NOR,PF/C,,29,32.9701149425287,26,0.241379310344828,6.96551724137931,4.58620689655172,1.10344827586207,0.551724137931034,0.607675906183369,16.1724137931034,0.713709677419355,8.55172413793103,3.41379310344828,1.39467422253234,-1.27491845305631,0.467545099108929,0.318087734457468,0.391388746924968,-0.181348469475201,2.5441275957741,-2.01810073966622,-1.83432669996532
6,69,-0.0234235313985868,Louis King,PHI,SF,,1,28.8,20,4,4,2,1,0,0.615384615384615,13,0,1,2,0.474401138890384,2.20000661194774,-0.763358696602504,-0.82742553160189,0.0969321792567669,-1.26847029248181,2.18184026655365,-2.18563852963157,-0.119098928918047
6,70,-0.0244891520612713,Kris Dunn,UTA,PG/SG,,22,25.7969696969697,13.1818181818182,0.772727272727273,4.54545454545455,5.63636363636364,1.13636363636364,0.454545454545455,0.537037037037037,9.81818181818182,0.773584905660377,2.40909090909091,1.59090909090909,-0.571363728884563,-0.783675918845977,-0.536955672866997,0.783235545523995,0.485079473001215,-0.37283015420932,0.575791930973936,-0.176898049850447,0.377214206606717
6,71,-0.0247373376312025,Robert Williams,BOS,C,,35,23.5309523809524,7.97142857142857,0,8.34285714285714,1.42857142857143,0.628571428571429,1.37142857142857,0.747058823529412,4.85714285714286,0.609756097560976,1.17142857142857,0.971428571428571,-1.37052728117277,-1.4980787783318,1.03924061618686,-1.08052941515024,-0.960307116085252,1.43380395327748,1.69600375894529,-0.611015873894606,1.12877409754422
6,72,-0.0263917850059017,Jerami Grant,POR,PF,,63,35.6433862433863,20.4761904761905,2.28571428571429,4.49206349206349,2.38095238095238,0.80952380952381,0.841269841269841,0.475355969331873,14.4920634920635,0.812865497076023,5.42857142857143,1.84126984126984,0.547438685211174,0.61511287325651,-0.559116815401954,-0.658689609236321,-0.445241818354525,0.389174788828863,-0.386233967492541,0.186555729142882,0.0734740689927963
7,73,-0.0268967324837966,Jalen Williams,OKC,SG/SF,,75,30.34,14.08,0.973333333333333,4.49333333333333,3.30666666666667,1.37333333333333,0.466666666666667,0.521410579345088,10.5866666666667,0.81151832460733,2.54666666666667,1.64,-0.433601636969677,-0.598211333363776,-0.558589739579501,-0.248661317887989,1.1595932145749,-0.34894641718872,0.391964573938141,0.076725433778708,0.317656630343746
7,74,-0.0312614356768098,Julius Randle,NYK,PF,,77,35.55,25.1428571428571,2.83116883116883,9.96103896103896,4.1038961038961,0.636363636363636,0.272727272727273,0.459497206703911,18.5974025974026,0.757062146892655,6.8961038961039,2.80519480519481,1.26320663915492,1.11939724465827,1.71090291993553,0.104456948735229,-0.938127270728426,-0.731086209518316,-0.901901341791245,-0.81223262412601,-1.09596922741123
7,75,-0.0473022204824909,De'Anthony Melton,PHI,PG/SG,,77,27.9192640692641,10.1298701298701,2.03896103896104,4.05194805194805,2.55844155844156,1.63636363636364,0.532467532467532,0.425499231950845,8.45454545454546,0.793103448275862,1.12987012987013,1.32467532467532,-1.03946800303144,0.386984229050954,-0.741796503865789,-0.580074009043272,1.90828621673086,-0.219291844791179,-0.816344186175467,-0.0242275272287996,0.700211644011723
7,76,-0.0491798847819203,Onyeka Okongwu,ATL,C,,80,23.1072916666667,9.8875,0.05,7.2,1.0125,0.7,1.3375,0.637826961770624,6.2125,0.780612244897959,2.45,1.0125,-1.07664245416449,-1.4518527109533,0.564872375979136,-1.26482068035889,-0.756991866981018,1.36695081438499,1.2298014828026,-0.132881758081102,1.07894583433479
7,77,-0.0515233272260358,Tyrese Maxey,PHI,PG/SG,,60,33.5947222222222,20.3,2.66666666666667,2.93333333333333,3.53333333333333,0.816666666666667,0.133333333333333,0.480832420591457,15.2166666666667,0.845070422535211,3.55,1.33333333333333,0.520414793072482,0.967311481854561,-1.20610238746305,-0.148263444080475,-0.424910293444101,-1.00574918525521,-0.289111581748011,0.43299300972199,0.689707662307495
7,78,-0.0525199162855967,Devin Vassell,SAS,SG/SF,,38,31.0021929824561,18.5,2.71052631578947,3.89473684210526,3.57894736842105,1.13157894736842,0.447368421052632,0.438655462184874,15.6578947368421,0.78,2.63157894736842,1.5,0.244332867979896,1.00786066376552,-0.807050508200584,-0.128059537586703,0.471460269711935,-0.386971840603096,-1.21483101616221,-0.14692615997624,0.48750601450111
7,79,-0.0531951758501805,Tyler Herro,MIA,PG/SG,,67,34.8771144278607,20.1044776119403,3.02985074626866,5.37313432835821,4.17910447761194,0.761194029850746,0.238805970149254,0.439134355275023,16.5522388059701,0.934065934065934,2.71641791044776,2.35820895522388,0.490425794575692,1.30308291654412,-0.193408796054412,0.137769128795188,-0.582808355061868,-0.797925025807308,-1.27248118001329,0.990270509319935,-0.553681574949682
7,80,-0.0556239262968018,D'Angelo Russell,LAL,PG/SG,,71,32.4523474178404,17.7887323943662,2.73239436619718,3.02816901408451,6.15492957746479,0.985915492957746,0.408450704225352,0.469409282700422,13.3521126760563,0.828703703703704,3.04225352112676,2.61971830985915,0.135239462524688,1.02807814319718,-1.16673873184957,1.01292488926906,0.0568418484474813,-0.463655633020051,-0.467184962356497,0.234826956610394,-0.870947309493904
7,81,-0.0629217485238521,Michael Porter Jr.,DEN,SF/PF,,62,28.9970430107527,17.4193548387097,3.03225806451613,5.5,1.04838709677419,0.596774193548387,0.467741935483871,0.487148102815177,13.1774193548387,0.8,1.93548387096774,1.09677419354839,0.0785847588293287,1.3053085336543,-0.14075038132986,-1.24892514412395,-1.05081519471875,-0.346827698582054,-0.136413651238678,-0.00316050872157324,0.976703549516559
7,82,-0.0629971587814707,Kyle Anderson,MIN,SF/PF,,69,28.3553140096618,9.3768115942029,0.623188405797101,5.33333333333333,4.85507246376812,1.1304347826087,0.91304347826087,0.509090909090909,7.17391304347826,0.735294117647059,1.97101449275362,1.49275362318841,-1.15497125316167,-0.921927793614333,-0.209929083026821,0.437176843083542,0.468203503707977,0.530598159178584,0.13871384747351,-0.351136043166713,0.496297390492692
7,83,-0.0687072024968719,Alperen Sengun,HOU,C,,75,28.9448888888889,14.7866666666667,0.253333333333333,9.04,3.88,0.933333333333333,0.933333333333333,0.553191489361702,10.6533333333333,0.715277777777778,3.84,2.57333333333333,-0.325213918229624,-1.26386670361409,1.32860524271358,0.0052862452721923,-0.0928287199071852,0.57057745810437,0.864997335992438,-0.891249165431509,-0.814672597372014
7,84,-0.0746987936896917,Kevin Porter,HOU,PG,Note - arrested,59,34.3036723163842,19.1525423728814,2.38983050847458,5.32203389830508,5.72881355932203,1.38983050847458,0.288135593220339,0.442307692307692,14.9830508474576,0.784090909090909,4.47457627118644,3.1864406779661,0.344419064929656,0.71137054382674,-0.214619164497801,0.824184555959398,1.20655099640191,-0.700725526865011,-1.08697661085355,-0.197992512534894,-1.55850048957367
8,85,-0.0771671927509992,Scottie Barnes,TOR,SF/PF,,77,34.7774891774892,15.3116883116883,0.818181818181818,6.64935064935065,4.81818181818182,1.07792207792208,0.792207792207792,0.455708661417323,13.1948051948052,0.772357723577236,3.19480519480519,2,-0.244686703522484,-0.741652221229164,0.336313132969957,0.420836803170671,0.318730632825023,0.292502519935959,-0.713040013920581,-0.244409956070325,-0.119098928918047
8,86,-0.088266330258849,Derrick White,BOS,PG/SG,,82,28.2829268292683,12.4024390243902,1.81707317073171,3.57317073170732,3.91463414634146,0.658536585365854,0.926829268292683,0.461741424802111,9.24390243902439,0.875,2.34146341463415,1.15853658536585,-0.690904005639976,0.181844158106164,-0.940523664363012,0.0206268099214035,-0.875013889631768,0.557761794337219,-0.425832931141229,0.475871950952731,0.901772805128826
8,87,-0.0883922999035417,Josh Hart,NYK,SG/SF,,76,32.290350877193,9.77631578947368,0.802631578947368,7.80263157894737,3.81578947368421,1.15789473684211,0.276315789473684,0.528846153846154,6.84210526315789,0.75,2.31578947368421,1.53947368421053,-1.09369576021005,-0.756028749361232,0.815007997378145,-0.0231546384844252,0.546365887802969,-0.724015366321428,0.319542855247417,-0.319169075730238,0.439616150546966
8,88,-0.0884536471455418,C.J. McCollum,NOR,PG/SG,,75,35.3171111111111,20.9066666666667,2.81333333333333,4.37333333333333,5.72,0.933333333333333,0.506666666666667,0.436755952380952,17.92,0.76890756302521,3.17333333333333,2.44,0.613464627085168,1.10290794616481,-0.608398404801313,0.82028075029789,-0.0928287199071852,-0.270130085020741,-1.43581055602367,-0.272657102977929,-0.652911279126905
8,89,-0.0893235653350165,Kevin Huerter,SAC,SG/SF,,75,29.3713333333333,15.2,2.73333333333333,3.34666666666667,2.94666666666667,1.06666666666667,0.32,0.484988452655889,11.5466666666667,0.725190839694656,1.74666666666667,1.29333333333333,-0.261817328023179,1.02894623835922,-1.03453920725459,-0.408116764523451,0.286693078420719,-0.637939635137977,-0.1557512415055,-0.35962328613142,0.738236057781028
8,90,-0.098412803797203,Markelle Fultz,ORL,PG/SG,,60,29.6336111111111,13.95,0.45,3.9,5.68333333333333,1.45,0.433333333333333,0.5139911634757,11.3166666666667,0.783216783216783,2.38333333333333,2.31666666666667,-0.453540887115252,-1.08204417192535,-0.80486591762068,0.804039917770204,1.37781824861344,-0.414626693995369,0.303189277799747,-0.11240294795139,-0.50328205975018
8,91,-0.0994842270365763,Christian Wood,DAL,PF/C,,67,25.9462686567164,16.6268656716418,1.56716417910448,7.32835820895522,1.80597014925373,0.447761194029851,1.07462686567164,0.514954486345904,11.4776119402985,0.772241992882562,4.19402985074627,1.80597014925373,-0.0429663160924055,-0.0492020396028736,0.618150301465153,-0.913367521911219,-1.47496780635508,0.848983407553451,0.323045742365527,-0.321333815100832,0.116300004349088
8,92,-0.103622388319528,Kelly Oubre,CHA,SG/SF,,48,32.2402777777778,20.25,2.25,5.1875,1.125,1.41666666666667,0.375,0.431013431013431,17.0625,0.759615384615385,4.33333333333333,1.33333333333333,0.512745850708799,0.582094253700443,-0.270460447011661,-1.21499085328531,1.28293779903147,-0.529567178407006,-1.5038673116695,-0.481201270250483,0.689707662307495
8,93,-0.105648975444972,Ja Morant,MEM,PG,Suspended - suspension (0g) - 12/19/2023,61,31.9398907103825,26.1639344262295,1.50819672131148,5.85245901639344,8.08196721311475,1.08196721311475,0.262295081967213,0.466227347611203,19.9016393442623,0.748490945674044,8.14754098360656,3.37704918032787,1.41981829585589,-0.10371871314443,0.00554556160305578,1.86647113059103,0.330244760196052,-0.75164188482293,-0.778137959932677,-1.14967336019633,-1.78974860915441
8,94,-0.10886335608905,Spencer Dinwiddie,BKN,PG/SG,,79,34.4983122362869,17.3291139240506,2.29113924050633,3.41772151898734,6.51898734177215,0.848101265822785,0.30379746835443,0.438095238095238,13.2911392405063,0.812121212121212,4.17721518987342,1.83544303797468,0.0647437113620043,0.620128359771356,-1.00504631265771,1.17417764873778,-0.335434426433251,-0.669865238041462,-1.04346511456568,0.134447962666367,0.0805432043591435
8,95,-0.109145590832667,Kentavious Caldwell-Pope,DEN,SG/SF,,76,31.331798245614,10.8157894736842,1.77631578947368,2.73684210526316,2.40789473684211,1.47368421052632,0.460526315789474,0.462025316455696,8.31578947368421,0.824,1.64473684210526,1.13157894736842,-0.934262484754536,0.144163089062077,-1.28766043577947,-0.646755983147967,1.44523330489537,-0.36104541554784,-0.381068762390807,0.104608292096042,0.93447807807312
8,96,-0.116167270578125,Tre Jones,SAS,PG,,68,29.171568627451,12.8676470588235,0.661764705882353,3.60294117647059,6.58823529411765,1.30882352941176,0.132352941176471,0.458950201884253,10.9264705882353,0.86046511627907,2.52941176470588,1.61764705882353,-0.619550933576154,-0.886263180675256,-0.928166780057027,1.20484976865401,0.975971638619192,-1.00768095810247,-0.543418889519455,0.413978459875085,0.344775439578955
9,97,-0.118554510607423,Draymond Green,GSW,PF/C,,73,31.4723744292238,8.45205479452055,0.547945205479452,7.19178082191781,6.84931506849315,1.01369863013699,0.821917808219178,0.527426160337553,6.49315068493151,0.712962962962963,1.47945205479452,2.79452054794521,-1.29680938510543,-0.991491738567477,0.561460823566683,1.32049030207215,0.135924144838401,0.351043382202693,0.289787563858693,-0.354376575351151,-1.08301911298137
9,98,-0.118560550639927,Terry Rozier,CHA,PG/SG,,63,35.2537037037037,21.0952380952381,2.61904761904762,4.11111111111111,5.06349206349206,1.17460317460317,0.253968253968254,0.414983164983165,18.8571428571429,0.809090909090909,3.49206349206349,2.12698412698413,0.642387495428201,0.923286655779805,-0.717239562137864,0.529492510754559,0.593925010400451,-0.76804913585972,-2.08077222190623,0.0830816190281739,-0.273157327246722
9,99,-0.119832049196789,PJ Washington,CHA,PF/C,Note - re-signed with hornets,73,32.596803652968,15.6712328767123,2.04109589041096,4.9041095890411,2.3972602739726,0.904109589041096,1.08219178082192,0.443762781186094,13.3972602739726,0.729885057471264,2.38356164383562,1.50684931506849,-0.189540172595591,0.388957944790296,-0.388087931232691,-0.65146632488848,-0.176011579814671,0.863889379186119,-0.946182761685198,-0.459243354272823,0.479196357741943
9,100,-0.123782829578154,Mike Conley,MIN,PG,,67,30.2731343283582,11.910447761194,2.01492537313433,2.71641791044776,6.71641791044776,1.08955223880597,0.208955223880597,0.427868852459016,9.1044776119403,0.834319526627219,2.52238805970149,1.53731343283582,-0.766365058457722,0.364762742891104,-1.29613795146268,1.26162592514795,0.351834879626255,-0.856743184141621,-0.848146572441108,0.232886763761618,0.442236988872814
9,101,-0.130100269837055,Anfernee Simons,POR,PG/SG,,62,35.0099462365591,21.0645161290323,3.41935483870968,2.59677419354839,4.08064516129032,0.67741935483871,0.225806451612903,0.44688995215311,16.8548387096774,0.893854748603352,2.88709677419355,2.06451612903226,0.63767539566557,1.66318776497168,-1.34579873347046,0.0941583669632836,-0.821265719923647,-0.823539385081928,-1.11386337962082,0.735913796483355,-0.197370534520519
9,102,-0.136232179731179,John Collins,ATL,PF/C,,71,29.9953051643193,13.112676056338,0.985915492957746,6.50704225352113,1.19718309859155,0.591549295774648,1.02816901408451,0.507779349363508,9.95774647887324,0.803370786516854,2.50704225352113,1.11267605633803,-0.58196866838876,-0.586578858192474,0.277244872585576,-1.18301866377017,-1.06568741421252,0.757442470990893,0.179306162097368,0.019759228948454,0.95741125236102
9,103,-0.145176599380118,Herb Jones,NOR,SG/SF/PF,,66,29.5535353535354,9.83333333333333,0.848484848484849,4.07575757575758,2.45454545454545,1.56060606060606,0.636363636363636,0.469061876247505,7.59090909090909,0.763975155279503,2.43939393939394,1.33333333333333,-1.08495047505848,-0.713636422817956,-0.731913832194795,-0.626092896961154,1.69264883131727,-0.0145740989003236,-0.274730358748154,-0.243047803364965,0.689707662307495
9,104,-0.154011024863673,Giannis Antetokounmpo,MIL,PF/C,,63,32.1193121693122,31.0952380952381,0.746031746031746,11.7777777777778,5.6984126984127,0.825396825396825,0.80952380952381,0.55320813771518,20.2857142857143,0.645077720207254,12.2539682539683,3.9047619047619,2.17617596816479,-0.808356503160613,2.46498071592231,0.810719048030508,-0.400060651886917,0.326622144251101,1.65901532294943,-5.1852203641955,-2.42997490384817
9,105,-0.155511953693965,Wendell Carter Jr.,ORL,PF/C,,57,29.6418128654971,15.2280701754386,1.40350877192982,8.71929824561403,2.31578947368421,0.526315789473684,0.578947368421053,0.525285481239804,10.7543859649123,0.738461538461539,3.42105263157895,1.85964912280702,-0.257511956871637,-0.200504957181082,1.19549085671143,-0.687552332798852,-1.25136894638184,-0.127707590050533,0.456283049693925,-0.577911849286001,0.051176142918909
9,106,-0.158443115089017,Franz Wagner,ORL,SG/SF/PF,,80,32.6089583333333,18.5625,1.625,4.1125,3.5375,0.9625,0.2125,0.48479427549195,13.975,0.841614906832298,4.025,2.0875,0.2539190459345,0.00426841146926521,-0.716663072957056,-0.146417894929602,-0.00980832652295613,-0.849758527839421,-0.189614884594777,0.45334200765529,-0.2252547940164
9,107,-0.15881040909046,Immanuel Quickley,NYK,PG/SG,,81,28.9380658436214,14.9259259259259,2.07407407407407,4.16049382716049,3.44444444444444,0.987654320987654,0.172839506172839,0.447649572649573,11.5555555555556,0.818548387096774,3.06172839506173,1.23456790123457,-0.303854493572256,0.419446979590926,-0.696742169042468,-0.187635159299108,0.061791272004183,-0.92790589422511,-0.755439571515957,0.151514493238077,0.809530861007576
9,108,-0.159107771643331,Kelly Olynyk,UTA,PF/C,,68,28.5539215686275,12.4558823529412,1.36764705882353,6.17647058823529,3.70588235294118,0.882352941176471,0.544117647058823,0.499102333931777,8.19117647058824,0.853448275862069,3.41176470588235,2.47058823529412,-0.682706929512366,-0.233659876508279,0.14003376085192,-0.0718359968913646,-0.237939995738443,-0.196336362255623,0.0464832778988136,0.494013405972031,-0.690021228606666
10,109,-0.159839791427476,Malcolm Brogdon,BOS,PG/SG,,67,26.026368159204,14.9253731343284,1.97014925373134,4.17910447761194,3.70149253731343,0.671641791044776,0.26865671641791,0.483606557377049,10.9253731343284,0.869565217391304,2.74626865671642,1.46268656716418,-0.303939280110273,0.323366264641707,-0.689017405226666,-0.0737803858123902,-0.837711055431355,-0.739106867472995,-0.169031937054421,0.517887503489704,0.532775040129405
10,110,-0.164572897684541,Bojan Bogdanovic,DET,SF/PF,,59,32.0827683615819,21.5762711864407,2.45762711864407,3.77966101694915,2.57627118644068,0.576271186440678,0.135593220338983,0.487528344671202,14.9491525423729,0.884488448844885,5.13559322033898,2.28813559322034,0.716167796457338,0.774049957221309,-0.854815285286621,-0.572176699887873,-1.10917523068361,-1.00129628513273,-0.145153515284479,1.17991106279878,-0.468667879362985
10,111,-0.166296113199384,Marcus Smart,BOS,PG/SG,,61,32.074043715847,11.5245901639344,1.88524590163934,3.13114754098361,6.26229508196721,1.52459016393443,0.377049180327869,0.415282392026578,9.86885245901639,0.745762711864407,1.9344262295082,2.34426229508197,-0.825547451937184,0.244871303152411,-1.1239952070883,1.06048048502927,1.59013269726819,-0.525529456472171,-1.09089975662101,-0.289416283148536,-0.536761348977139
10,112,-0.167275686932677,Donte DiVincenzo,GSW,PG/SG,,72,26.3085648148148,9.41666666666667,2.08333333333333,4.51388888888889,3.5,1.34722222222222,0.138888888888889,0.435185185185185,7.5,0.816901408450704,0.986111111111111,1.55555555555556,-1.14885832808917,0.428007362438796,-0.550057699703543,-0.163027837287463,1.08527019573568,-0.994802472454105,-0.62465784261072,0.0425399743441117,0.420105465232314
10,113,-0.168035312984954,Josh Giddey,OKC,SG/SF,,76,31.147149122807,16.5789473684211,1,7.88157894736842,6.17105263157895,0.75,0.407894736842105,0.48211091234347,14.7105263157895,0.731034482758621,1.90789473684211,2.77631578947368,-0.0503159702037123,-0.573557430761913,0.847776856076705,1.02006630258823,-0.614671192608053,-0.464751115768865,-0.253781374819685,-0.362150971351079,-1.06093292001621
10,114,-0.169366471588179,Ivica Zubac,LAC,C,,76,28.5462719298246,10.7631578947368,0,9.94736842105263,1.01315789473684,0.381578947368421,1.28947368421053,0.634241245136187,6.76315789473684,0.697478991596639,3.13157894736842,1.53947368421053,-0.942335055663676,-1.4980787783318,1.70522865868903,-1.26452927786138,-1.66334984588253,1.27231936293331,1.30623055978609,-0.879400018509625,0.439616150546966
10,115,-0.177281909820759,Keegan Murray,SAC,SF/PF,,80,29.7716666666667,12.2,2.575,4.6375,1.225,0.7625,0.525,0.452685421994885,9.775,0.765432098765432,1.0125,0.75,-0.721953869844156,0.882563691660656,-0.49875016261163,-1.17069767366434,-0.579091024014813,-0.234005932777084,-0.57258311235571,-0.0984325344095967,1.39741342962984
10,116,-0.177491415072636,Jaden McDaniels,MIN,SF/PF,,79,30.587552742616,12.0632911392405,1.35443037974684,3.88607594936709,1.87341772151899,0.936708860759494,0.962025316455696,0.516759776536313,9.06329113924051,0.736111111111111,1.82278481012658,1.41772151898734,-0.742922117319542,-0.245878978458662,-0.810645404091566,-0.883492847577791,-0.0832205731140737,0.627112379912625,0.275166356104447,-0.320868632248866,0.587327081139705
10,117,-0.186537544059847,Kevon Looney,GSW,C,,82,23.8723577235772,7.04878048780488,0,9.26829268292683,2.52439024390244,0.634146341463415,0.609756097560976,0.630208333333333,4.68292682926829,0.606451612903226,1.89024390243902,0.548780487804878,-1.51204198067822,-1.4980787783318,1.42336319118434,-0.595156418955383,-0.944438608838092,-0.0670018143113962,0.874318236468867,-1.00133665432669,1.64153493124975
10,118,-0.194797740578148,Kyle Lowry,MIA,PG,,55,31.2312121212121,11.1818181818182,1.94545454545455,4.09090909090909,5.10909090909091,1.03636363636364,0.381818181818182,0.404123711340206,8.81818181818182,0.859259259259259,2.45454545454545,1.87272727272727,-0.878121423431881,0.300535479667796,-0.725624859313253,0.549689689340741,0.200438124255286,-0.516132576332918,-1.11284374575009,0.393570044226882,0.0353096021341016
10,119,-0.198962910946289,Bobby Portis,MIL,PF/C,,70,25.9780952380952,14.1,1.35714285714286,9.6,1.5,0.414285714285714,0.228571428571429,0.495641344956413,11.4714285714286,0.768,1.78571428571429,1.15714285714286,-0.430534060024204,-0.243371235201239,1.56104568041536,-1.0488914297067,-1.57025286339795,-0.818091251521929,0.0149971877865655,-0.159031916855041,0.903463689988531
10,120,-0.200460404314306,Jonas Valanciunas,NOR,C,,79,24.9154008438819,14.1139240506329,0.481012658227848,10.1772151898734,1.77215189873418,0.253164556962025,0.658227848101266,0.54656862745098,10.3291139240506,0.825892857142857,2.83544303797468,2.0126582278481,-0.428398405188747,-1.05337230734881,1.80063166502661,-0.928346700358512,-2.02887029871915,0.0285073254722771,0.743226006260726,0.196935092120072,-0.134456016093216
11,121,-0.202048054237709,Bruce Brown,DEN,SG/SF/PF,,80,28.49375,11.5375,1.1375,4.1,3.35,1.0875,0.6375,0.483130904183536,9.2625,0.758169934640523,1.9125,1.5375,-0.823567356162955,-0.446435745471053,-0.721851475584328,-0.229467606718905,0.345993359409454,-0.0123349985546424,-0.151354086970907,-0.221425221830716,0.442010643744673
11,122,-0.214409497974116,Jusuf Nurkic,POR,C,,52,26.7592948717949,13.3461538461538,0.826923076923077,9.05769230769231,2.86538461538462,0.826923076923077,0.846153846153846,0.518811881188119,9.71153846153846,0.661458333333333,3.69230769230769,2.28846153846154,-0.546158114122808,-0.733570740918239,1.33594882797064,-0.444119169497413,-0.39571630895734,0.398798272610057,0.323446772670172,-1.39925170216993,-0.469063319352176
11,123,-0.214802572480191,Aaron Gordon,DEN,SF/PF,,68,30.2218137254902,16.3088235294118,0.882352941176471,6.55882352941176,2.98529411764706,0.794117647058823,0.75,0.563731931668857,11.1911764705882,0.60828025477707,4.61764705882353,1.44117647058824,-0.0917472532520922,-0.682324648123075,0.298737841215535,-0.391007438277707,-0.48909412698485,0.209335935667799,1.07322532025361,-2.41922008478312,0.558871301962187
11,124,-0.215142871976391,Alex Caruso,CHI,PG/SG,,67,23.513184079602,5.58208955223881,0.82089552238806,2.92537313432836,2.88059701492537,1.46268656716418,0.686567164179104,0.454545454545455,4.26865671641791,0.808219178082192,1.08955223880597,1.14925373134328,-1.73700134568207,-0.739143343759504,-1.20940644485753,-0.437381114044166,1.41392946449912,0.0843473492073843,-0.246140723855557,0.0214754552977189,0.913034855407085
11,125,-0.218351596111144,Bogdan Bogdanovic,ATL,SG/SF,,54,27.9345679012346,14,2.7037037037037,3.05555555555556,2.77777777777778,0.796296296296296,0.333333333333333,0.446808510638298,11.3148148148148,0.831168831168831,1.42592592592593,1.2037037037037,-0.445871944751569,1.00155301324604,-1.15537133955195,-0.482923023438854,-0.482892790410865,-0.611667524415317,-0.75318920883186,0.118222842552724,0.846975610601351
11,126,-0.219677046563284,Cole Anthony,ORL,PG,,60,25.8630555555556,13.0166666666667,1.25,4.8,3.91666666666667,0.616666666666667,0.516666666666667,0.454098360655738,10.1666666666667,0.894117647058824,2.83333333333333,1.51666666666667,-0.596694477904001,-0.342427093869441,-0.431300928457094,0.0215270777998783,-0.994192990935958,-0.250426001978746,-0.575056576380511,0.724191722935847,0.467285849720471
11,127,-0.239827860497235,Saddiq Bey,ATL,SF/PF,,77,27.6443722943723,13.7922077922078,1.96103896103896,4.7012987012987,1.53246753246753,0.909090909090909,0.168831168831169,0.422248803827751,10.8571428571429,0.861344537815126,3.09090909090909,0.922077922077922,-0.477742874055187,0.314943604564989,-0.472269094656852,-1.03451052723236,-0.161832683239532,-0.935803955409171,-1.09377336872374,0.513891361018419,1.18864679325832
11,128,-0.241743694938414,Mark Williams,CHA,C,,43,19.2554263565891,9,0,7.06976744186047,0.418604651162791,0.651162790697674,1.04651162790698,0.637450199203187,5.83720930232558,0.690721649484536,2.25581395348837,0.930232558139535,-1.21276618111986,-1.4980787783318,0.510816460234534,-1.52787581397989,-0.896002758229029,0.793584909587412,1.15168952071547,-0.675814121487359,1.1787535081648
11,129,-0.255642935078516,Jarred Vanderbilt,LAL,PF/C,,78,24.0972222222222,7.93589743589744,0.371794871794872,7.46153846153846,2.35897435897436,1.06410256410256,0.269230769230769,0.547671840354767,5.78205128205128,0.690647482014389,1.78205128205128,1.24358974358974,-1.37597700578286,-1.15434648244043,0.673429723257443,-0.668424373988181,0.279394582299028,-0.737975749043489,0.419335027747318,-0.534807610420254,0.79858547266478
11,130,-0.256268251354867,Harrison Barnes,SAC,SF/PF,,82,32.4636178861789,15,1.60975609756098,4.46341463414634,1.5609756097561,0.695121951219512,0.121951219512195,0.472819216182048,9.64634146341463,0.847457627118644,5.03658536585366,1.04878048780488,-0.29249309747791,-0.00982490175588538,-0.571008160176809,-1.02188339335245,-0.770876810822282,-1.02817659684773,-0.295326423548575,0.648245133957252,1.03492998783059
11,131,-0.25881436362405,Monte Morris,WAS,PG,,62,27.3368279569892,10.258064516129,1.25806451612903,3.38709677419355,5.25806451612903,0.693548387096774,0.209677419354839,0.479611650485437,8.30645161290323,0.831168831168831,1.24193548387097,0.967741935483871,-1.0198056958401,-0.334971276550329,-1.01775779316552,0.615674836693963,-0.775355824964626,-0.855320164181919,-0.177660440952436,0.102620325623017,1.1332467607215
11,132,-0.260068077185234,Royce O'Neale,BKN,SG/SF,,76,31.6969298245614,8.82894736842105,2.14473684210526,5.05263157894737,3.72368421052632,0.855263157894737,0.644736842105263,0.386172006745363,7.80263157894737,0.72463768115942,0.907894736842105,1.5,-1.23900203657457,0.484776217114139,-0.326440580621702,-0.0639509881353111,-0.315048720243919,0.00192453522574862,-1.18078441360616,-0.189592722326443,0.48750601450111
12,133,-0.260245790800081,Tyus Jones,MEM,PG,,80,24.24375,10.2875,1.5125,2.5,5.2125,1.0375,0.075,0.438028169014085,8.875,0.8,1.25,0.925,-1.01529091525503,-0.0997402401323468,-1.38596701187515,0.595492863721509,0.20367268503649,-1.12068966966685,-0.701795298202882,-0.00299623025961149,1.18510169943314
12,134,-0.262558115940399,Patrick Williams,CHI,PF,,82,28.330081300813,10.1585365853659,1.40243902439024,3.98780487804878,1.21951219512195,0.878048780487805,0.853658536585366,0.463810930576071,8.25609756097561,0.857142857142857,1.28048780487805,1.23170731707317,-1.03507117513209,-0.201493961617935,-0.768420552824233,-1.17312839693623,-0.250191416774853,0.413585576956769,-0.357938327869561,0.196633860740219,0.813001349994316
12,135,-0.262742302314276,Jalen Duren,DET,PF/C,,67,24.9281094527363,9.13432835820896,0,8.88059701492537,1.11940298507463,0.656716417910448,0.880597014925373,0.648241206030151,5.94029850746269,0.611464968152866,2.34328358208955,1.37313432835821,-1.19216305238161,-1.4980787783318,1.26244149338908,-1.21746994915961,-0.88019483882627,0.466665378380417,1.26132942745244,-1.20863110298844,0.641420701637313
12,136,-0.265244165332765,Ben Simmons,BKN,PG/SG/PF,,42,26.3083333333333,6.92857142857143,0,6.26190476190476,6.09523809523809,1.28571428571429,0.571428571428571,0.565957446808511,5.59523809523809,0.43859649122807,1.35714285714286,2.30952380952381,-1.5304795076153,-1.4980787783318,0.175495112141958,0.986485633827975,0.910193175673705,-0.142522690082108,0.547552081414491,-1.34122624017961,-0.494616274844192
12,137,-0.266646852900349,Mason Plumlee,LAC,C,,79,25.9955696202532,10.8481012658228,0,8.86075949367089,3.10126582278481,0.582278481012658,0.594936708860759,0.679752066115702,6.12658227848101,0.635782747603834,3.9620253164557,1.48101265822785,-0.929306539322976,-1.4980787783318,1.25420748959745,-0.339639882611551,-1.09207598639078,-0.096202060869462,1.56955098178384,-1.77881854522173,0.510541645263862
12,138,-0.27128430268523,Larry Nance Jr.,NOR,PF/C,,65,21.2482051282051,6.78461538461538,0.215384615384615,5.44615384615385,1.83076923076923,0.861538461538462,0.569230769230769,0.60983606557377,4.69230769230769,0.69620253164557,1.21538461538462,0.646153846153846,-1.55255931969535,-1.29895110347059,-0.163100423416571,-0.90238322019121,-0.297186611314518,-0.146853257783645,0.743257885012365,-0.347183283493678,1.52340061018613
12,139,-0.27479850618321,Cade Cunningham,DET,PG/SG,,12,33.3486111111111,19.9166666666667,1.41666666666667,6.16666666666667,6,0.833333333333333,0.583333333333333,0.415178571428571,18.6666666666667,0.837209302325581,3.58333333333333,3.25,0.461619568284246,-0.188340202607794,0.135964425457981,0.944301653236583,-0.377470068653113,-0.119065448365447,-2.05481347639142,0.36022828085602,-1.63561128746594
12,140,-0.280190817232366,Daniel Gafford,WAS,C,,78,20.566452991453,9.03846153846154,0,5.55128205128205,1.07692307692308,0.423076923076923,1.26923076923077,0.731645569620253,5.06410256410256,0.679144385026738,2.3974358974359,1.08974358974359,-1.20686699468626,-1.4980787783318,-0.119464626961565,-1.23628565118,-1.54522944812359,1.23243255515599,1.66034362657431,-0.793801185101364,0.985233147562982
12,141,-0.28588804980052,Grayson Allen,MIL,SG/SF,,72,27.3877314814815,10.4166666666667,2.02777777777778,3.29166666666667,2.26388888888889,0.861111111111111,0.194444444444444,0.439856373429084,7.73611111111111,0.904761904761905,1.75,1,-0.995479480815514,0.37664506535158,-1.05736817881459,-0.710540752046574,-0.2984030273348,-0.885335344443023,-0.593708221528475,0.497086533506445,1.09411095792027
12,142,-0.285939910806957,Caleb Martin,MIA,SF/PF,,71,29.2572769953052,9.61971830985915,1.1830985915493,4.84507042253521,1.64788732394366,1,0.436619718309859,0.463503649635036,7.71830985915493,0.805309734513274,1.59154929577465,1.09859154929577,-1.11771450111929,-0.40427887416461,-0.412593448561578,-0.983387431675699,0.0969321792567669,-0.408151173746826,-0.338743292651106,0.0199786298437995,0.974498715555925
12,143,-0.295033815307848,Tari Eason,HOU,SF/PF,,82,21.550406504065,9.26829268292683,0.719512195121951,6.04878048780488,1.07317073170732,1.17073170731707,0.573170731707317,0.448484848484848,8.04878048780488,0.751724137931034,1.76829268292683,1.23170731707317,-1.17161575868059,-0.832874394104685,0.0870331486479359,-1.23794768418641,0.582905213701034,-0.139089923001621,-0.520685552250403,-0.236030737890205,0.813001349994316
12,144,-0.29769946520348,Jabari Smith Jr,HOU,PF/C,,79,31.0194092827004,12.7848101265823,1.51898734177215,7.20253164556962,1.27848101265823,0.544303797468354,0.936708860759494,0.408071748878924,11.2911392405063,0.786407766990291,2.60759493670886,1.31645569620253,-0.632256366755003,-0.0937425541750104,0.565923191701115,-1.14700923266453,-1.20016763781329,0.57722862537593,-1.35943141192988,-0.10002357911172,0.710183778541053
13,145,-0.297798058588623,Kyle Kuzma,WAS,SF/PF,,64,34.98125,21.203125,2.5,7.234375,3.734375,0.5625,0.453125,0.448336252189142,17.84375,0.729957805907173,3.703125,2.96875,0.658935064516505,0.813224590592914,0.579140483204134,-0.0592156975508333,-1.14837372150667,-0.375629029641421,-1.14261109737183,-0.711257112747739,-1.29439600679266
13,146,-0.298009067071467,Zach Collins,SAS,PF/C,,63,22.8669312169312,11.6031746031746,0.873015873015873,6.38095238095238,2.85714285714286,0.587301587301587,0.777777777777778,0.518248175182482,8.6984126984127,0.76056338028169,2.25396825396825,2.04761904761905,-0.813494261232879,-0.690956966961263,0.22490847049693,-0.44776970627936,-1.07777814890103,0.26406949967334,0.281569640479797,-0.24575930262744,-0.1768708282913
13,147,-0.300816717398173,Austin Reaves,LAL,SG/SF,,64,28.7994791666667,13.015625,1.34375,3.015625,3.359375,0.515625,0.296875,0.528571428571429,7.65625,0.864150943396226,4.140625,1.546875,-0.596854247536577,-0.255753217534765,-1.17194540350018,-0.22531512112944,-1.28179935373132,-0.68350532717259,0.356149046945945,0.721036366019805,0.430636801055564
13,148,-0.302857492581879,Jordan Poole,GSW,PG/SG,,82,29.9770325203252,20.4268292682927,2.60975609756098,2.74390243902439,4.5,0.768292682926829,0.25609756097561,0.430359937402191,15.5853658536585,0.869879518072289,5.0609756097561,3.07317073170732,0.539867720043775,0.914696445813999,-1.28472988744057,0.279903958922156,-0.56260265320331,-0.763853531650236,-1.38892375967417,0.961004544842323,-1.42108027089087
13,149,-0.302894570117391,Khris Middleton,MIL,SF/PF,,33,24.2651515151515,15.0606060606061,1.54545454545455,4.24242424242424,4.93939393939394,0.696969696969697,0.151515151515152,0.435960591133005,12.3030303030303,0.901960784313726,3.09090909090909,2.15151515151515,-0.283197409764355,-0.0692730593601575,-0.662735130497834,0.474525505741533,-0.765617362397561,-0.969923579724313,-1.00332646295851,0.85641497664671,-0.302918608742034
13,150,-0.305579920126002,Norman Powell,LAC,SG/SF,,60,26.1180555555556,16.9833333333333,1.9,2.91666666666667,1.81666666666667,0.833333333333333,0.3,0.47887323943662,11.8333333333333,0.812274368231047,4.61666666666667,1.68333333333333,0.0117082829481799,0.258511782050983,-1.21302025763275,-0.90862969424032,-0.377470068653113,-0.677347801221966,-0.25986073671015,0.150805010411032,0.265084201914085
13,151,-0.307223998848362,Chris Boucher,TOR,PF/C,,76,20.0449561403509,9.36842105263158,0.815789473684211,5.53947368421053,0.381578947368421,0.618421052631579,0.842105263157895,0.493383742911153,6.96052631578947,0.761904761904762,2.21052631578947,0.539473684210526,-1.15625818475588,-0.743863994787944,-0.12436595198058,-1.54427567546746,-0.989199283063222,0.390820911054593,-0.0177152968209337,-0.232984551199113,1.65282603738528
13,152,-0.30783639864486,Drew Eubanks,POR,PF/C,,78,20.3040598290598,6.64102564102564,0.0897435897435897,5.35897435897436,1.32051282051282,0.512820512820513,1.30769230769231,0.640718562874252,4.28205128205128,0.664,1.6025641025641,0.858974358974359,-1.57458294904747,-1.41510891380629,-0.199286205842673,-1.12839200851355,-1.28978208386442,1.30821748993289,0.860929582983138,-0.597727159555646,1.26520465991028
13,153,-0.31091570305979,Quentin Grimes,NYK,SG/SF,,71,29.8718309859155,11.2535211267606,2.2112676056338,3.22535211267606,2.11267605633803,0.661971830985915,0.366197183098592,0.46843853820598,8.47887323943662,0.795918367346939,1.38028169014085,0.971830985915493,-0.867123708390492,0.546285328266398,-1.08489350730669,-0.777517723578271,-0.865235760166089,-0.546912321929888,-0.312730923705531,-0.0183985950376292,1.12828588431008
13,154,-0.312834341507081,Brandon Clarke,MEM,SF/PF,Injured - achilles tear (0g) - 2/28/2024,56,19.4654761904762,9.96428571428571,0.0178571428571429,5.53571428571429,1.28571428571429,0.607142857142857,0.660714285714286,0.656160458452722,6.23214285714286,0.722627737226277,2.44642857142857,0.982142857142857,-1.06486514982026,-1.48156946855376,-0.125926373823369,-1.14380538603733,-1.02130169081652,0.0334066227928455,1.39250284506063,-0.519725892551186,1.11577542018524
13,155,-0.319983947505543,Gordon Hayward,CHA,SF/PF,,50,31.5376666666667,14.66,1.04,4.3,4.12,0.84,0.24,0.475043029259897,11.62,0.811320754716981,3.18,1.98,-0.344641905550954,-0.536576576859117,-0.638837033547975,0.111589876362501,-0.358493978736718,-0.795572299473935,-0.317251717032628,0.0947628384702185,-0.094834731181281
13,156,-0.327048899160061,Jalen McDaniels,PHI,SF/PF,,80,23.9091666666667,9.4375,0.9625,4.325,1.625,1.0375,0.425,0.455429497568882,7.7125,0.840579710144927,1.725,1.1625,-1.14566293543764,-0.608226981295783,-0.628460228293431,-0.993524955180497,0.20367268503649,-0.431046763197032,-0.425031643422054,0.187876378040359,0.89696435130904
14,157,-0.332542430905998,Torrey Craig,PHO,SF/PF,,79,24.6552742616034,7.44303797468354,1.26582278481013,5.39240506329114,1.48101265822785,0.632911392405063,0.784810126582278,0.456,6.32911392405063,0.711111111111111,0.569620253164557,0.924050632911392,-1.45157122181176,-0.327798591534475,-0.185410049513974,-1.05730152710308,-0.947953784494108,0.277926098155755,-0.346047398141707,-0.140978884681907,1.18625348097128
14,158,-0.335426729781975,Jeenathan Williams Jr.,POR,SG,,5,25.3133333333333,10.6,0.6,3,2,0.6,0.4,0.615384615384615,7.8,0.666666666666667,0.6,0.8,-0.96736002548201,-0.943365969789866,-1.17843090678427,-0.82742553160189,-1.04163321572695,-0.480306970802019,1.30403979375455,-0.221110676893254,1.33675293528793
14,159,-0.337185732450892,T.J. McConnell,IND,PG,,75,20.3497777777778,8.66666666666667,0.346666666666667,3.12,5.29333333333333,1.08,0.133333333333333,0.543186180422265,6.94666666666667,0.852941176470588,0.906666666666667,1.90666666666667,-1.26389246354442,-1.17757804450757,-1.12862224156245,0.631296517248453,0.32464525825351,-1.00574918525521,0.463046389992728,0.12804818346341,-0.00586600614647145
14,160,-0.339075580223661,Dennis Smith Jr.,CHA,PG,,54,25.7367283950617,8.77777777777778,0.444444444444444,3.09259259259259,4.83333333333333,1.38888888888889,0.462962962962963,0.411504424778761,8.37037037037037,0.735849056603774,1.96296296296296,1.51851851851852,-1.2468503694029,-1.08718040163407,-1.1399982947304,0.427547890992028,1.20387075771315,-0.356244225722792,-0.971124153354081,-0.346740590618734,0.465039164744844
14,161,-0.343499596740872,Caris LeVert,CLE,SG/SF,,74,30.2324324324324,12.1216216216216,1.71621621621622,3.81081081081081,3.87837837837838,0.972972972972973,0.324324324324324,0.431266846361186,10.027027027027,0.722222222222222,2.43243243243243,1.56756756756757,-0.73397545517101,0.0885997506057074,-0.841885871501756,0.00456797749455519,0.0200020850011108,-0.629418950579276,-0.885459098612416,-0.519459181403281,0.405532373498521
14,162,-0.344601685617572,Naz Reid,MIN,C,,68,18.3960784313726,11.4852941176471,1.10294117647059,4.89705882352941,1.13235294117647,0.617647058823529,0.779411764705882,0.537261698440208,8.48529411764706,0.677165354330709,1.86764705882353,1.35294117647059,-0.831574634219153,-0.478386115570895,-0.391014508057099,-1.21173400184259,-0.991402389477664,0.267289121085431,0.498554333828444,-0.62906620945843,0.665919233153803
14,163,-0.344896949840015,Otto Porter,TOR,SF/PF,,8,18.2916666666667,5.5,0.75,2.375,1,1.375,0,0.5,3.75,1,1,0.5,-1.74959214657767,-0.804687767654384,-1.43785103814787,-1.27035732781151,1.164337237054,-1.26847029248181,0.0190936494845302,0.542739236235154,1.70071590133942
14,164,-0.347487175665182,Josh Richardson,NOR,SG/SF,,65,23.5317948717949,10.0615384615385,1.64615384615385,2.69230769230769,2.67692307692308,1.06153846153846,0.307692307692308,0.431407942238267,8.52307692307692,0.851851851851852,1.24615384615385,1.32307692307692,-1.04994863555244,0.023825593821705,-1.30614543299404,-0.52759477724461,0.272096086177338,-0.662190814266586,-0.752877311763381,0.173299870201337,0.702150840634042
14,165,-0.349202522718379,Keldon Johnson,SAS,SF/PF,,63,32.7521164021164,21.984126984127,2.12698412698413,5.04761904761905,2.9047619047619,0.73015873015873,0.174603174603175,0.451931716082659,17.6666666666667,0.749235474006116,5.19047619047619,2.12698412698413,0.778724248560343,0.468363453007322,-0.328521143078753,-0.426677715983664,-0.671147650692563,-0.924430747304123,-1.04312935588734,-0.722846465839912,-0.273157327246722
14,166,-0.352658935423663,Tim Hardaway Jr.,DAL,SG/SF,,71,30.3136150234742,14.3521126760563,2.98591549295775,3.53521126760563,1.8169014084507,0.690140845070423,0.169014084507042,0.401416765053129,11.9295774647887,0.76969696969697,2.32394366197183,0.845070422535211,-0.391865308387605,1.26246383694729,-0.956279583025013,-0.908525719640271,-0.785055098547518,-0.935443536842462,-1.5459051787084,-0.195392883673232,1.28207305306423
14,167,-0.355192998003936,Patrick Beverley,CHI,PG/SG,,67,27.1111940298508,6.19402985074627,1.19402985074627,3.6865671641791,2.8955223880597,0.940298507462687,0.611940298507463,0.4,5.37313432835821,0.723076923076923,0.970149253731343,0.895522388059702,-1.6431426480967,-0.394172691681189,-0.89345595651022,-0.43077019171268,-0.0730029543228916,-0.0626980466283977,-0.713819278619244,-0.206539444143597,1.22086422967949
14,168,-0.355711459621021,Marvin Bagley III,DET,PF/C,,42,23.581746031746,12,0.452380952380952,6.40476190476191,0.857142857142857,0.452380952380952,0.714285714285714,0.528795811518325,9.09523809523809,0.75,2.57142857142857,1.0952380952381,-0.752629639298887,-1.07984293062161,0.234791142167925,-1.3336332986986,-1.4618180638757,0.138964210517818,0.428302626044661,-0.354104341998559,0.97856715917376
15,169,-0.360484059116171,Kenrich Williams,OKC,SF/PF,,53,22.7518867924528,8.0188679245283,0.943396226415094,4.92452830188679,1.9811320754717,0.849056603773585,0.264150943396226,0.517341040462428,6.52830188679245,0.435897435897436,0.735849056603774,0.60377358490566,-1.36325108787893,-0.62588882779417,-0.379612690962761,-0.835782735303958,-0.332715139605011,-0.747985080051759,0.199934605657709,-0.733872338245886,1.57481676213922
15,170,-0.361128070596507,Killian Hayes,DET,PG/SG,,76,28.3361842105263,10.3421052631579,1.05263157894737,2.90789473684211,6.18421052631579,1.36842105263158,0.368421052631579,0.376687116564417,10.7236842105263,0.821428571428571,1.47368421052632,2.27631578947368,-1.0069156229368,-0.524898412468761,-1.21666124193259,1.02589435253835,1.14561083253124,-0.542530390934634,-1.75943363652218,0.0831094609538557,-0.454327976597055
15,171,-0.361555411076785,Gary Harris,ORL,SG/SF,,48,24.6743055555556,8.27083333333333,1.95833333333333,2.04166666666667,1.22916666666667,0.9375,0.25,0.449511400651466,6.39583333333333,0.9,0.625,0.583333333333333,-1.32460492392357,0.31244219399256,-1.57620844154179,-1.16885212451347,-0.0809686637094382,-0.77586821643194,-0.407230764410259,0.167677163410612,1.59961507743623
15,172,-0.36208693225058,Steven Adams,MEM,C,,42,26.9829365079365,8.59523809523809,0,11.547619047619,2.30952380952381,0.857142857142857,1.0952380952381,0.596958174904943,6.26190476190476,0.364341085271318,3.07142857142857,1.88095238095238,-1.27484809549254,-1.4980787783318,2.3694482231027,-0.690327594679865,-0.309698318951702,0.889595945450953,0.884057446964525,-3.65426203783258,0.0253308195150853
15,173,-0.365071191770317,Dorian Finney-Smith,BKN,SF/PF,,66,30.4358585858586,8.34848484848485,1.72727272727273,4.78787878787879,1.51515151515152,0.833333333333333,0.545454545454545,0.391217564870259,7.59090909090909,0.76271186440678,0.893939393939394,0.939393939393939,-1.31269482404058,0.0988217311070943,-0.436332106762328,-1.04218034188534,-0.377470068653113,-0.193702126554822,-1.09586499429927,-0.0938568246943572,1.16763882984986
15,174,-0.367060702690023,Jay Huff,WAS,C,,7,13.5619047619048,7.28571428571429,0.857142857142857,3,1.42857142857143,0.428571428571429,0.571428571428571,0.6,3.57142857142857,0.9375,2.28571428571429,0.714285714285714,-1.47570134787471,-0.705631908986182,-1.17843090678427,-1.08052941515024,-1.52958981357711,-0.142522690082108,0.513871691689152,0.854245712395471,1.44074235415978
15,175,-0.368737630351737,John Konchar,MEM,SG/SF,,72,20.7462962962963,5.05555555555556,0.833333333333333,4.30555555555556,1.38888888888889,1.06944444444444,0.347222222222222,0.43125,4.44444444444444,0.777777777777778,0.5,0.513888888888889,-1.81776052314374,-0.72764432202356,-0.636531076824743,-1.09810607372999,0.29459978255255,-0.584300742412547,-0.399629682800843,-0.0331317988049784,1.68386576402222
15,176,-0.368743557404998,Isaiah Stewart,DET,PF/C,,50,28.28,11.34,1.34,8.06,1.4,0.4,0.68,0.442176870748299,8.82,0.738255033557047,2.98,1.36,-0.853859678499502,-0.259220172588152,0.921834476735451,-1.09318460932766,-1.6109159132188,0.0714073543738356,-0.646676533415299,-0.505432339363323,0.657355398658473
15,177,-0.369438208986782,Luguentz Dort,OKC,SG/SF,,74,30.7074324324324,13.6891891891892,1.82432432432432,4.64864864864865,2.08108108108108,1.01351351351351,0.310810810810811,0.388316151202749,11.7972972972973,0.772200772200772,3.5,1.24324324324324,-0.493543748633923,0.188548004397046,-0.494122668376496,-0.791512142720029,0.135397226384595,-0.656046089825215,-1.74367107964069,-0.268999232777272,0.799005850310947
15,178,-0.370377936756634,Malik Monk,SAC,SG,,77,22.3290043290043,13.5194805194805,1.85714285714286,2.63636363636364,3.87012987012987,0.636363636363636,0.25974025974026,0.448492462311558,10.3376623376623,0.888888888888889,2.68831168831169,1.8961038961039,-0.519573468766185,0.218889438583703,-1.32936625594127,0.0009144509199936,-0.938127270728426,-0.756675927754673,-0.665046307883694,0.648635059228156,0.00694885153268662
15,179,-0.370733684020295,Bol Bol,ORL,PF/C,,70,21.5052380952381,9.05714285714286,0.428571428571429,5.78571428571429,0.985714285714286,0.428571428571429,1.21428571428571,0.54602510460251,6.82857142857143,0.759259259259259,1.54285714285714,1.6,-1.20400167556137,-1.10185534365899,-0.0221583212779284,-1.27668492490022,-1.52958981357711,1.12416836261756,0.481897979791595,-0.17456444543347,0.366185025817278
15,180,-0.373675070516983,Aleksej Pokusevski,OKC,SF/PF/C,,34,20.6279411764706,8.11764705882353,1.11764705882353,4.67647058823529,1.88235294117647,0.588235294117647,1.26470588235294,0.433734939759036,7.32352941176471,0.628571428571429,1.02941176470588,1.26470588235294,-1.34810045812603,-0.46479021340075,-0.482574554420724,-0.879535154685374,-1.07512043322647,1.22351668047635,-0.625016870780431,-0.484421794834838,0.772967164345419
16,181,-0.375163136739026,Jae Crowder,MIL,SF/PF,,18,18.8712962962963,6.88888888888889,1.33333333333333,3.83333333333333,1.5,0.666666666666667,0.333333333333333,0.478723404255319,5.22222222222222,0.833333333333333,0.666666666666667,0.388888888888889,-1.5365659698087,-0.265383648238618,-0.832537398299464,-1.0488914297067,-0.851872316562994,-0.611667524415317,-0.122841128006089,0.0577741845096317,1.83551699987701
16,182,-0.379156624644017,Santi Aldama,MEM,PF/C,,77,21.8415584415584,9.03896103896104,1.22077922077922,4.81818181818182,1.25974025974026,0.584415584415584,0.623376623376623,0.47047619047619,6.81818181818182,0.75,1.87012987012987,0.779220779220779,-1.20679038187544,-0.369442328051678,-0.423754160999244,-1.1553101080168,-1.0859929064406,-0.0401638171366805,-0.234652526385975,-0.258265884267817,1.36196249137808
16,183,-0.379362188512158,Xavier Tillman,MEM,PF/C,,61,19.3450819672131,7.0327868852459,0.0655737704918033,5.0327868852459,1.57377049180328,0.950819672131147,0.475409836065574,0.61437908496732,5.01639344262295,0.550561797752809,1.45901639344262,0.721311475409836,-1.51449506100247,-1.43745442767148,-0.33467756149675,-1.01621613326501,-0.0430553693068045,-0.331718803600091,0.827135946914857,-0.995996918483116,1.43221863130144
16,184,-0.384226086036641,Kenyon Martin Jr.,HOU,SF/PF,,82,27.9518292682927,12.6707317073171,0.829268292682927,5.51219512195122,1.5,0.5,0.365853658536585,0.569444444444444,8.78048780487805,0.68018018018018,2.70731707317073,1.10975609756098,-0.649753583200702,-0.7314025388836,-0.135688525108132,-1.0488914297067,-1.32627456447287,-0.547589205579562,0.909015907415281,-0.88840461001198,0.9609537752185
16,185,-0.384649626951622,Alec Burks,DET,PG/SG/SF,,51,22.0081699346405,12.7843137254902,1.94117647058824,3.09803921568627,2.23529411764706,0.745098039215686,0.156862745098039,0.435729847494553,9,0.813829787234043,3.68627450980392,1.13725490196078,-0.632332504182292,0.29658030812739,-1.13773755284488,-0.723206285434921,-0.62862419989952,-0.959386636921108,-0.740245402258928,0.135513677005236,0.927591953844419
16,186,-0.389231147535158,Jordan Clarkson,UTA,PG/SG,,61,32.5956284153005,20.8360655737705,2.54098360655738,4.0327868852459,4.42622950819672,0.540983606557377,0.213114754098361,0.444228903976722,16.9016393442623,0.816326530612245,4.01639344262295,3.04918032786885,0.602635912840492,0.851114809755614,-0.749749771678512,0.247228662480462,-1.20961827400323,-0.84854721125897,-1.17942039208373,0.175250811896251,-1.3919748757648
16,187,-0.389295392435758,Isaiah Hartenstein,NYK,C,,82,19.8282520325203,4.95121951219512,0.0975609756097561,6.53658536585366,1.24390243902439,0.646341463414634,0.780487804878049,0.535168195718654,3.98780487804878,0.676056338028169,0.865853658536585,0.804878048780488,-1.83376346520346,-1.40788157369083,0.289507397517088,-1.16232518239453,-0.90972624923493,0.26940935957632,0.215992027893169,-0.295705684663613,1.33083483827896
16,188,-0.390047852900429,Aaron Nesmith,IND,SG/SF,,73,24.8812785388128,10.1095890410959,1.57534246575342,3.79452054794521,1.34246575342466,0.753424657534247,0.465753424657534,0.427118644067797,8.08219178082192,0.838028169014085,1.94520547945205,1.02739726027397,-1.04257869304909,-0.0416410390093762,-0.848647506913825,-1.11866835650684,-0.604923201212645,-0.350745876827258,-0.762760699529792,0.198662366061372,1.0608723308836